,Url,Title,Category
0,正しい転職活動のやり方 | 失敗をなくすために準備することは？,https://dividable.net/job-change-knowhow/tensyoku-yarikata,転職ノウハウ
1,仕事が決まらない人が不安を感じた時にやるべき5つのこと,https://dividable.net/job-change-knowhow/job-insecurity,転職ノウハウ
2,社会人5年目の転職は可能？転職手順を含めて徹底解説,https://dividable.net/job-change-knowhow/20s-job-change/5years-job-change-hard,転職ノウハウ
3,社会人2年目の転職はまずい？【これから転職する際の注意点を解説】,https://dividable.net/job-change-knowhow/20s-job-change/2years-job-change-hard,転職ノウハウ
4,自分に向いてる仕事がわからない人へ【見つけるコツを伝授します】,https://dividable.net/job-change-knowhow/job-not-match,転職ノウハウ
5,25歳の転職はすべき？成功させるために必要なこと,https://dividable.net/job-change-knowhow/20s-job-change/age-25-job-change,転職ノウハウ
6,24歳での転職は可能なのか？失敗しない転職手順も解説！,https://dividable.net/job-change-knowhow/20s-job-change/24years-job-change-hard,転職ノウハウ
7,26歳での転職はまずい？転職するうえで大切なことを徹底解説,https://dividable.net/job-change-knowhow/20s-job-change/26years-job-change-hard,転職ノウハウ
8,29歳での転職はまずい？転職活動で知っておきたいことを解説します,https://dividable.net/job-change-knowhow/20s-job-change/29years-job-change-hard,転職ノウハウ
9,28歳での転職は遅い？転職で抑えておきたいポイントも解説！,https://dividable.net/job-change-knowhow/20s-job-change/28years-job-change-hard,転職ノウハウ
10,転職で失敗続きになる理由とは？脱出する方法を含めて徹底解説,https://dividable.net/job-change-knowhow/job-change-string-of-failures,転職ノウハウ
11,27歳の転職は手遅れ？【転職手順やポイントを踏まえて解説】,https://dividable.net/job-change-knowhow/20s-job-change/27years-job-change-hard,転職ノウハウ
12,社会人4年目の転職は可能？転職で押さえるべきポイントを徹底解説,https://dividable.net/job-change-knowhow/20s-job-change/4years-job-change-hard,転職ノウハウ
13,転職先が決まらない人がやっている4つのこと,https://dividable.net/job-change-knowhow/job-not-pass,転職ノウハウ
14,【体験談】大企業を辞める勇気がない人へ【ベンチャー転職した結果】,https://dividable.net/job-change-knowhow/quit-big-company,転職ノウハウ
15,新入社員だから転職できない? 転職に成功する人と失敗する人の差は？,https://dividable.net/job-change-knowhow/20s-job-change/freshman-job-change-hard,転職ノウハウ
16,転職市場価値を上げるためにするべきことを、転職エージェントの人に聞いてみた,https://dividable.net/job-change-knowhow/market-value,転職ノウハウ
17,転職したい時に相談すべき人、相談すべきではない人の違いについてまとめてみた,https://dividable.net/job-change-knowhow/desire-of-job-change,転職ノウハウ
18,新卒で会社を辞めるべき？採用担当の視点で考えてみた,https://dividable.net/job-change-knowhow/freshman-quit-job,転職ノウハウ
19,【事実】転職に失敗して後悔する人の特徴【共通点は3つある】,https://dividable.net/job-change-knowhow/job-change-failure-general,転職ノウハウ
20,仕事をやめる勇気がない人へ 【仕事を1年で辞めたひとからのアドバイス】,https://dividable.net/job-change-knowhow/quit-job,転職ノウハウ
21,3年目の転職で失敗しないように14のチェックリストをまとめてみた【保存版】,https://dividable.net/job-change-knowhow/20s-job-change/3years-job-change,転職ノウハウ
22,転職エージェントが使えない本当の理由は？後悔しないために知っておくべきこと,https://dividable.net/job-change-knowhow/tensyoku-agent-not-useful,転職ノウハウ
23,入社1年目で転職するとまずい？【体験談をもとに解説します】,https://dividable.net/job-change-knowhow/20s-job-change/first-year-quitting-job,転職ノウハウ
24,新卒でメガベンチャーに入るべきか考えてみた,https://dividable.net/job-change-knowhow/freshman-megaventures,転職ノウハウ
25,【体験談】そうだんドットミーで、キャリア相談してみた！,https://dividable.net/job-change-knowhow/soudan-me,転職ノウハウ
26,SyntaxError: invalid character in identifierの発生原因と解決方法を解説【Python】,https://dividable.net/programming/python/python-invalid-character-in-identifier,プログラミング学習
27,エンジニアに文系からなれるのか？【普通になれます】,https://dividable.net/programming/engineer-bunkei-mikeiken,プログラミング学習
28,WordPressで、1記事あたりの表示記事数を増やすquery_posts関数,https://dividable.net/programming/wordpress/wordpress-query-posts,プログラミング学習
29,WordPressでカテゴリ(category)を取得する,https://dividable.net/programming/wordpress-get-categories,プログラミング学習
30,【保存版】Python BeautifulSoupの基礎と使い方~実際にデータを整形しつつダウンロードする~,https://dividable.net/programming/python/python-beautifulsoup,プログラミング学習
31,PythonでCSVを扱う方法について解説してみた,https://dividable.net/programming/python/python-csv,プログラミング学習
32,Pythonで毎日圧倒的に効率化している業務自動化術5選　【非エンジニアでもできます】,https://dividable.net/programming/python/python-automation,プログラミング学習
33,プログラミングで質問したいときに質問できるWebサイトと具体的な質問方法とは？,https://dividable.net/programming/python/programming-question,プログラミング学習
34,Python初心者が利用すべきおすすめの学習サイト5選,https://dividable.net/programming/python/python-learning-websites,プログラミング学習
35,【Python独学者用】ゼロからPythonを学習・勉強するための完全攻略ルートマップ,https://dividable.net/programming/python/python-learn-by-myself,プログラミング学習
36,DAINOTE（プログラミング学習チュートリアル）でオリジナルアプリを作ってみよう！,https://dividable.net/programming/python/dainote-making-apps,プログラミング学習
37,Google Apps Script(GAS)を利用したスクレイピングを使うメリットと利用方法まとめ,https://dividable.net/programming/gas-scraping,プログラミング学習
38,プログラミングを独学するなら、つまずく前に最初に学習の全体像を把握しよう！,https://dividable.net/programming/python/programming-learning-by-myself,プログラミング学習
39,PythonでWeb APIを利用し、データを収集する方法【おすすめのAPIも紹介します】,https://dividable.net/programming/python/python-api,プログラミング学習
40,RをJupyter Notebookで利用する,https://dividable.net/programming/r-jupyter-notebook,プログラミング学習
41,WordPressでプラグイン作成をするためのチュートリアルまとめ,https://dividable.net/programming/wordpress/wordpress-plugin-tutorial-collection,プログラミング学習
42,WordPressでショートコード(short code)を利用する方法を解説【無料申し込みCTAボタンのショートコードを作成】,https://dividable.net/programming/wordpress/wordpress-shortcode,プログラミング学習
43,Schema.orgとは？導入するメリット、サンプルコードをまとめてみた,https://dividable.net/programming/schema-org,プログラミング学習
44,【保存版】WordPress初心者が独学でWebサイトを作るために必要な6つの学習ステップまとめ,https://dividable.net/programming/wordpress-self-learning,プログラミング学習
45,Pythonエンジニアに未経験からなる方法【求人から逆算してスキルセットと学習項目を解説】,https://dividable.net/programming/python/python-engineer-no-experience,プログラミング学習
46,【スクレイピングツール】面倒な情報収集はGoogle Spreadsheetにやらせよう！,https://dividable.net/programming/scraping-tool,プログラミング学習
47,【考察】Pythonエンジニアの年収が高い理由とは【実際の求人を元に解説】,https://dividable.net/programming/python/python-income,プログラミング学習
48,【保存版】Pythonでスクレイピングする方法を初心者向けに徹底解説！【サンプルコードあり】,https://dividable.net/programming/python/python-scraping,プログラミング学習
49,Pythonでデータ分析する方法を初心者向けに解説してみた,https://dividable.net/programming/python/python-data-analysis,プログラミング学習
50,Python | Pandasの使い方 | よく使う前処理、可視化方法をまとめみた,https://dividable.net/programming/python/python-pandas,プログラミング学習
51,Python Tweepyを利用して、Twitter APIを使ったデータ収集方法を初心者向けに徹底解説してみた,https://dividable.net/programming/python/python-twitter-api-get-followers-count,プログラミング学習
52,アプリ開発を独学で学ぶ効率のよい学習法【オリジナルアプリ】,https://dividable.net/programming/how-to-learn-programming,プログラミング学習
53,プログラミングの効率的な独学方法！初心者向けに5つの学習方法で解説,https://dividable.net/programming/5-ways-to-learn-programming-effectively,プログラミング学習
54,PythonのWebフレームワーク Flaskについて初心者向けにまとめてみた,https://dividable.net/programming/python/flask-python,プログラミング学習
55,AIアプリの作り方を初心者向けにゼロから解説してみた,https://dividable.net/programming/developing-ai-application,プログラミング学習
56,Python Twitter APIでいいねとフォローを自動化する,https://dividable.net/programming/python/python-twitter-api-automate-fav-and-follow,プログラミング学習
57,PythonでWebアプリを開発したい人が何を学べばよいか初心者向けに解説してみた,https://dividable.net/programming/python/python-web-aplication-development,プログラミング学習
58,【保存版】今話題のPythonでできることを、プログラミング未経験者でもわかるようにまとめてみた,https://dividable.net/programming/python/how-python-is-useful,プログラミング学習
59,Python初心者向けの実践的なチュートリアルまとめ,https://dividable.net/programming/python/python-basic-tutorial,プログラミング学習
60,プログラミングができない人の特徴とは？その原因と解決策,https://dividable.net/others/programing_cannot,プログラミング学習
61,副業するなら、WordPress案件はおすすめ？案件を受注するための方法を徹底解説！,https://dividable.net/sidework/wordpress-sidework,IT副業
62,【2021年】おすすめの副業サイト7選 | 初心者向けに解説！【体験談あり】,https://dividable.net/sidework/crowdsourcing-websites,IT副業
63,未経験からPythonで在宅の副業案件を取ることはできる？実際の試してみたうえで答えてみた,https://dividable.net/sidework/python-at-home-sidework,IT副業
64,Pythonの副業で月3万円稼ぐために必要な準備と学習方法をまとめてみた,https://dividable.net/sidework/python-sidework,IT副業
65,プログラミングを趣味から初めて、副業で稼げるようになる方法,https://dividable.net/sidework/programming-sidework-hobby,IT副業
66,【保存版】プログラミング未経験から副業する方法と、案件を見つけられるサイトを紹介します,https://dividable.net/sidework/programming-sidework-websites,IT副業
67,エンジニアが副業で稼ぐには？エンジニアが副業するべき理由,https://dividable.net/sidework/engineer-sidework,IT副業
68,ITで副業したい人必見！案件獲得するための方法とおすすめIT副業サイトを解説してみた【リモートワークあり】,https://dividable.net/sidework/remotework-sidework-it-engineer,IT副業
69,【Webマーケターが副業するには？】案件単価や必須スキルを副業・フリーランス求人から一挙紹介！,https://dividable.net/sidework/marketing-sidework-website,IT副業
70,プログラミングでクラウドソーシングの案件を受託する！未経験から案件を受託するためにすべきこと,https://dividable.net/sidework/programming-crowdsorcing,IT副業
71,Webディレクターの副業は？仕事の取り方からオススメのエージェントまでまとめてみた,https://dividable.net/sidework/web-director-sidework,IT副業
72,Webライターが副業するならおすすめという話と、仕事の取り方についてまとめてみた,https://dividable.net/sidework/writer-sidework,IT副業
73,【実績あり】プログラミング未経験者が副業で稼ぐための手順,https://dividable.net/sidework/how-to-earn-money-by-programming-sidework,IT副業
74,IT系のフリーランスの職種と案件の獲得方法についてまとめてみた,https://dividable.net/freelance/it-freelance,ITフリーランス
75,【フリーランスのなり方】会社員から独立する前にしておくべきこと5選,https://dividable.net/freelance/how-to-become-freelance,ITフリーランス
76,フリーランスで独立を考えている人へ。独立してから悩むことをまとめてみた！,https://dividable.net/freelance/freelance-independence,ITフリーランス
77,【在宅で稼ぐ】フリーランスのWebデザイナーになる方法一覧【独学？】,https://dividable.net/freelance/webdesigner-at-home,ITフリーランス
78,Pythonエンジニアとしてフリーランス独立する方法を徹底解説！,https://dividable.net/freelance/python-freelance-beginner,ITフリーランス
79,【体験談】プログラミングを学んでフリーランスになる失敗しない方法をまとめてみた,https://dividable.net/freelance/programming-freelance,ITフリーランス
